OBJECTID,Id,CrashCount,GroupCode,NUM_FATAL,NUM_INJURY,NUM_NONINJ,EPDO,L1STREET,L2STREET,L1STREETRT,L2STREETRT,FC1STREET,FC2STREET,FC1STREETR,FC2STREETR,RPAS,TOWNS,MASSDOT,RANK,MAP_NAME,GlobalID,created_user,created_date,last_edited_user,last_edited_date,ShapeSTArea,ShapeSTLength
1,0,32,2db0661e-59bb-4a68-869f-c6fca8b1e559,0,24,8,128,HANCOCK STREET,BEALE STREET,SR3A NB,BSR0523,HANCOCK STREET,BEALE STREET,SR3A NB,BSR0523,MAPC,QUINCY,6,0, ,{F80FE7FD-A7B1-4E2C-9E69-74770FC0DC72},,,,,196035.264938,2182.733685
2,0,17,7168cdc2-bba6-4f82-86ea-12c52acc4f56,0,13,4,69,MOUNT AUBURN STREET,ARLINGTON STREET,SR16 EB,BSR1348,MOUNT AUBURN STREET,ARLINGTON STREET,SR16 EB,BSR1348,MAPC,WATERTOWN,6,0, ,{ECB50378-F918-46FA-9746-EDD46DB549EE},,,,,101609.540497,1285.053089
3,0,18,901e858f-ff75-49ff-a959-2467c7593da6,0,13,5,70,NAHATAN STREET,WASHINGTON STREET,BSR0542,SR1A NB,NAHATAN STREET,WASHINGTON STREET,BSR0542,SR1A NB,MAPC,NORWOOD,5,0, ,{F7992276-3138-425C-AA1F-C241FD38DB01},,,,,111700.841339,1411.65477
4,0,21,fe817d4f-24a7-4703-b9fd-16ee543fb54f,3,16,2,112,NORTH STREET,FIRST STREET,N001,US7 NB,NORTH STREET,FIRST STREET,N001,US7 NB,BRPC,PITTSFIELD,1,0, ,{CFB35B72-61AC-42E3-95B1-8C572A32AA07},,,,,133859.550358,1562.368494
5,0,15,e013ddd6-6556-4748-985a-dd4c3f6b98f3,0,9,6,51,HIGH STREET, ,SR60 EB,B1,HIGH STREET,SALEM STREET,SR60 EB,SR60 WB,MAPC,MEDFORD,4,0, ,{DBD87245-78DF-4F6D-AA6B-F35405F4DE90},,,,,102856.052536,1298.747961
6,0,8,9ec105a1-6a1b-43ec-a573-51dace960792,2,6,0,50,BOSTON ROAD,BOYER STREET,N011,L188943,BOSTON ROAD,JASPER STREET,N011,PVR126,PVPC,SPRINGFIELD,2,0, ,{41E43296-A18B-46BC-99E0-CFD88F249010},,,,,57871.735817,882.295085
7,0,81,ff4f40db-a9b0-4307-a706-7f62daf8effd,3,50,28,308,JOHN F FITZGERALD EXPRESSWAY,BOYLSTON STREET,I93 NB,SR2 EB,JOHN F FITZGERALD EXPRESSWAY,RAMP-RTS 93 SB/3 SB TO RTS 90 WB/93 SB,I93 NB,L224923,MAPC,BOSTON,6,7,7 - JOHN F FITZGERALD EXPRESSWAY & BOYLSTON STREET,{ED7C715C-B0BF-421A-9166-CD0BC6BE2424},,,,,463843.603577,3344.778046
8,0,15,e023e430-707b-4658-b898-fd55c5697ba1,0,10,5,55,ESSEX STREET,WINTER STREET,MVR041,SR97 NB,ESSEX STREET,WINTER STREET,MVR041,SR97 NB,MVPC,HAVERHILL,4,0, ,{A2E853B5-338C-4A01-A33A-C3104A30D0AC},,,,,97806.423309,1256.243077
9,0,18,647d3ec2-7dc2-42f0-a2c0-d9b8072534ed,0,14,4,74,MAIN STREET,CENTRAL SQUARE,OCR045,L187217,MONTELLO STREET,MAIN STREET,SR28 NB,OCR045,OCPC,BROCKTON,5,0, ,{6A3DE48A-027D-4CC5-9D7E-24EB3A318389},,,,,146032.885498,1748.560841
10,0,26,e26a691f-e6c2-4057-8400-08c50f58f7b9,0,19,7,102,HANCOCK STREET,BILLINGS ROAD,SR3A NB,BSR1853,HANCOCK STREET,BILLINGS ROAD,SR3A NB,BSR1853,MAPC,QUINCY,6,0, ,{CBCA4762-6D84-4396-885A-92E71035CA08},,,,,133766.109009,1449.686309
11,0,28,d6fc5ab1-2933-4a22-ac5a-20e0f38bdb2c,1,17,10,105,BELMONT STREET,INTERSTATE 290,SR9 EB,I290 EB,INTERSTATE 290,BELMONT STREET,I290 EB,SR9 EB,CMRPC,WORCESTER,3,0, ,{40E297BC-A5D2-4AE5-BB20-B552E9FB8962},,,,,71691.647659,1038.946476
12,0,12,0cebd04d-89dc-41b9-ba8c-c575b54e609a,0,11,1,56,MASSACHUSETTS TURNPIKE,WASHINGTON STREET,I90 EB,BSR0353,MASSACHUSETTS TURNPIKE,WASHINGTON STREET,I90 EB,BSR0353,MAPC,NEWTON,6,0, ,{2E8901E1-4FBC-406C-B36F-5697BBB5F49D},,,,,117369.514206,1468.563398
13,0,37,f40c855e-e690-4ecb-9902-273abf2e5ab7,0,30,7,157,UNION STREET,SPRING STREET,SMR022,SMR227,UNION STREET,PLEASANT STREET,SMR022,SMR038,SRPEDD,NEW BEDFORD,5,0, ,{FB16B90D-6A40-418D-B95E-68B785077C94},,,,,165640.641434,1876.705949
14,0,43,8aded76b-2e5b-4c41-91b3-ec9d80de8e7a,0,36,7,187,MAIN STREET,LEGION PARKWAY,SR123 EB,SR123 WB,MAIN STREET,LEGION PARKWAY,SR123 EB,SR123 WB,OCPC,BROCKTON,5,0, ,{DAA931A3-DD45-4E5B-9732-B2BEDDE8CA9E},,,,,231544.573486,2547.788065
15,0,33,350aa655-fd58-4442-974c-cae79d78103f,0,20,13,113,CENTRAL STREET, ,N088,L000160,CENTRAL STREET,CHURCH STREET,N088,SR110 EB,NMCOG,LOWELL,4,0, ,{59A0AD74-88C8-46F9-9192-4741F1FFF851},,,,,160725.383667,1703.414855
16,0,32,4dcebe90-5e77-4dea-8f19-368e08b3d8ea,0,20,12,112,MAIN STREET,BOULDER DRIVE,SR2A EB,N051,MAIN STREET,BOULDER DRIVE,SR2A EB,N051,MRPC,FITCHBURG,3,0, ,{D37D21DC-E8EC-4148-9235-3924360CD174},,,,,158656.311005,1904.514539
17,0,23,16aaf794-8dc3-4834-aca1-7669d9e8fbb6,0,14,9,79,PLEASANT STREET,SPRING STREET,SR27 NB,OCR092,PLEASANT STREET,WARREN AVENUE,SR27 NB,N469,OCPC,BROCKTON,5,0, ,{C4C160CB-3BD7-4D5B-9309-712C5084B6BF},,,,,124082.977722,1543.99184
18,0,24,5f90feec-ceb4-46e2-b8bb-87a3d4001d8c,0,19,5,100,GRAFTON STREET,ORIENT STREET,SR122 NB,L164143,GRAFTON STREET,HAMILTON STREET,SR122 NB,CMR243,CMRPC,WORCESTER,3,0, ,{A813EBB9-AA9F-4849-8EB0-29141BFE1E57},,,,,120470.28775,1503.825303
19,0,151,17448ed2-b5aa-497b-9bf1-3a8cc6bb21b8,0,111,40,595,SOUTH MAIN STREET,COLUMBIA STREET,SMR150,SMR148,INTERSTATE 195,RAMP-RT 195 WB TO RTS 79 NB/138,I195 EB,R14078,SRPEDD,FALL RIVER,5,2,2 - SOUTH MAIN STREET & COLUMBIA STREET,{44D2CBDD-A77F-4C23-B2AF-C1DE9B9DC621},,,,,750446.057877,6098.565693
20,0,30,c864d6ba-7e51-4903-b863-9d1e6f6ec97e,2,22,6,136, ,MAIN STREET,L000308,US20 EB,MAIN STREET,MOODY STREET,US20 EB,N077,MAPC,WALTHAM,4,0, ,{05AD5CD5-5284-40B9-98AC-E45B0426B56D},,,,,177654.315536,1750.757278
21,0,9,507a2636-52f8-4797-a2c0-82c73744055b,1,7,1,46,CONCORD STREET,WEBSTER STREET,SR126 NB,L143959,CONCORD STREET,LINCOLN STREET,SR126 NB,BSR1593,MAPC,FRAMINGHAM,3,0, ,{708C5A52-C821-47AC-BC4D-491877F20C1D},,,,,86051.471893,1178.275277
22,0,26,e6f7df47-c2a0-4ef1-8411-ddbe8e435174,1,21,4,119,WILLIAM STREET,DIVISION STREET,L183520,L210177,WILLIAM STREET,BROADWAY,L183520,SR138 NB,SRPEDD,FALL RIVER,5,0, ,{DBA3AF0C-9072-4090-A47B-D5E3E2B2C177},,,,,144270.371063,1565.126689
23,0,18,d8455334-8d00-4b81-b178-856610b3528b,1,16,1,91,WESTERN AVENUE,BOSTON STREET,SR107 NB,BSR0119,WESTERN AVENUE,MOULTON STREET,SR107 NB,N363,MAPC,LYNN,4,0, ,{50533309-76FD-4E09-AA0F-96CA01B401CC},,,,,138470.524323,1620.402891
24,0,15,8a43c5ec-177b-463e-830a-8a30945c2d90,1,10,4,64,MAIN STREET,CABOT STREET,SR116 NB,SR116 NB,MAIN STREET,CABOT STREET,SR116 NB,SR116 NB,PVPC,HOLYOKE,2,0, ,{B278335D-C490-4CE7-B875-832970CF75C3},,,,,107699.577385,1320.06567
25,0,16,300a638b-3460-45f9-98f8-734b01a8d2e7,0,15,1,76,PLYMOUTH AVENUE,SECOND STREET,SR81 NB,SMR129,PLYMOUTH AVENUE,SECOND STREET,SR81 NB,SMR129,SRPEDD,FALL RIVER,5,0, ,{8F4FFD15-3902-42B2-8A15-32560166F82E},,,,,154098.657181,1737.75499
26,0,17,2d4270b2-f010-4820-9a2f-1dbba4805b3f,0,8,9,49,FERRY STREET,BROADWAY,BSR0159,SR99 NB,BROADWAY,FERRY STREET,SR99 NB,BSR0159,MAPC,EVERETT,4,0, ,{C18AF7C3-9931-417B-A290-F6ABDA4CC643},,,,,64879.192581,958.762391
27,0,42,03f70007-37bb-4a9f-98de-20eba8c609d7,0,28,14,154,MOUNT AUBURN STREET,MASSACHUSETTS AVENUE,SR2A EB,SR2A EB,MOUNT AUBURN STREET,MASSACHUSETTS AVENUE,SR2A EB,SR2A EB,MAPC,CAMBRIDGE,6,0, ,{47FE0179-0C5A-4E32-85FD-40E8CF95BBAF},,,,,177746.024704,1901.548061
28,0,65,5032c6b6-f773-47b0-8877-f2095e97c29d,0,48,17,257,WASHINGTON STREET,LAFAYETTE STREET,SR114 EB,SR1A NB,WASHINGTON STREET,LAFAYETTE STREET,SR114 EB,SR1A NB,MAPC,SALEM,4,9,9 - WASHINGTON STREET & LAFAYETTE STREET,{F60A9DE0-F4F8-4C48-AD6A-EA6587E21E40},,,,,295418.360855,2619.675896
29,0,23,0f7b70cb-ab92-4025-a367-ac5f2638538b,0,16,7,87,APPLETON STREET,HIGH STREET,SR141 EB,N026,APPLETON STREET,HIGH STREET,SR141 EB,N026,PVPC,HOLYOKE,2,0, ,{A42DC5BA-C270-4C51-B910-6AC637134D28},,,,,151323.867699,1720.821058
30,0,5,d7310f03-1b89-4ccc-beeb-0a9c7b6f9e00,1,4,0,30,TEATICKET HIGHWAY,MARAVISTA AVENUE,SR28 NB,CCR144,TEATICKET HIGHWAY,MARAVISTA AVENUE,SR28 NB,CCR144,CCC,FALMOUTH,5,0, ,{C3297900-C585-48F5-8B14-D40F70D25802},,,,,42581.589783,741.164775
31,0,33,eb759339-d869-4b2b-a150-7af4b9c803bb,0,22,11,121,MAIN STREET,CENTRE STREET,N344,SR60 EB,MAIN STREET,CENTRE STREET,N344,SR60 EB,MAPC,MALDEN,4,0, ,{633F7460-C55E-4C3B-8872-5146E94CEEA3},,,,,195358.159378,1966.834503
32,0,14,6f02c15a-3939-45cc-b61d-70c93a2c6baa,0,8,6,46,GRANITE STREET,HONORABLE THOMAS S BURGIN PARKWAY,N109,BSR0525,GRANITE STREET,HONORABLE THOMAS S BURGIN PARKWAY,N109,BSR0525,MAPC,QUINCY,6,0, ,{2E982343-38DA-4C2F-9CA5-39EC672211ED},,,,,73876.545303,1039.225824
33,0,26,cd868fff-402a-4f6e-83e7-b2bf8837fdd0,2,15,9,104,MASSACHUSETTS AVENUE, ,SR4 NB,B1,MASSACHUSETTS AVENUE,BEDFORD STREET,SR4 NB,SR4 NB,MAPC,LEXINGTON,4,0, ,{8C4DC608-830F-4E3C-A764-B948DA075FAE},,,,,136102.71785,1701.396974
34,0,26,15a96b88-fcc9-47b7-b107-95d04a409bbd,1,18,7,107,COMMON STREET,ESSEX STREET,MVR080,MVR079,COMMON STREET,ESSEX STREET,MVR080,MVR079,MVPC,LAWRENCE,4,0, ,{41D90C85-91FF-48F5-A612-33E1FD6BC092},,,,,195430.247223,2131.627199
35,0,26,e76f5809-9cd1-4c10-add9-3a6cc8efe40a,2,17,7,112,CAMBRIDGE STREET,MONSIGNOR OBRIEN HIGHWAY,BSR0347,SR28 NB,MONSIGNOR OBRIEN HIGHWAY,CAMBRIDGE STREET,SR28 NB,BSR0347,MAPC,CAMBRIDGE,6,0, ,{DA767AD1-88C9-4F55-BEF3-755E571D5782},,,,,146547.747467,1731.508505
36,0,12,bfc7b516-faed-4b1a-b39c-46b28491cbce,2,5,5,50,CAMBRIDGE STREET,WINDSOR STREET,BSR0347,L157207,CAMBRIDGE STREET,WINDSOR STREET,BSR0347,L157207,MAPC,CAMBRIDGE,6,0, ,{F86F99D1-9904-4188-996C-B2BE4AED1CB1},,,,,65451.082809,981.55135
37,0,20,a15d1ea0-f5d8-46df-9d88-53434389b5b6,0,9,11,56,MAIN STREET,PLEASANT STREET,SR38 NB,N134,MAIN STREET,PLEASANT STREET,SR38 NB,N134,MAPC,WOBURN,4,0, ,{24030C4D-F3D5-4A6F-989D-D57F91623CD5},,,,,113879.473251,1418.632789
38,0,27,27db3c14-a788-4b62-8124-6628caf5f0a0,0,18,9,99,ASHLEY BOULEVARD,SAWYER STREET,SR18 NB,SR18 NB,ASHLEY BOULEVARD,RAMP-RT 195 WB TO RT 18 SB,SR18 NB,R14058,SRPEDD,NEW BEDFORD,5,0, ,{976BAA1B-8B52-4B1E-9DF2-B551EDD98140},,,,,172249.860138,1835.588022
39,0,45,15054119-4ae8-44e9-9a7b-9d285b12fdc6,1,38,6,206,CONCORD STREET,WAVERLY STREET,SR126 NB,SR135 EB,CONCORD STREET,WAVERLY STREET,SR126 NB,SR135 EB,MAPC,FRAMINGHAM,3,0, ,{A5B8F919-C4A9-4C7D-90B4-F3D06F2787D1},,,,,189322.715729,1969.862422
40,0,46,53930973-d5c4-4e08-8977-4d461545f4c8,0,33,13,178,MAIN STREET,CAMBRIDGE STREET,N037,N352,MAIN STREET,CAMBRIDGE STREET,N037,N352,CMRPC,WORCESTER,3,0, ,{5AADF106-C3A6-476A-BACD-0D9DAEBCBE4C},,,,,274100.088623,3071.227407
41,0,65,9fdabe95-bad3-4ffc-800a-16e2f4714fb6,0,43,22,237, ,MERRIMACK STREET,L000160,NMR063,BRIDGE STREET,CENTRAL STREET,N088,NMR062,NMCOG,LOWELL,4,10,10 -   & MERRIMACK STREET,{0B108160-BA63-4447-BEC7-8C3639D7F4CD},,,,,230099.76944,1944.918587
42,0,10,0dc376f7-3da8-4a04-b912-65b80864ac4c,1,8,1,51,UNION STREET, ,BSR0642,L000251,UNION STREET,EAST WATER STREET,BSR0642,BSR0639,MAPC,ROCKLAND,5,0, ,{A9B61EE9-C5C7-4C5D-80ED-F7D9780C23BB},,,,,85000.699295,1139.671863
43,0,25,141f10d4-6f78-42b9-8b67-de4ea0a43f8f,0,20,5,105,BROADWAY,CAMBRIDGE STREET,BSR0342,BSR0347,BROADWAY,CAMBRIDGE STREET,BSR0342,BSR0347,MAPC,CAMBRIDGE,6,0, ,{92637F00-FB02-4DD3-935C-4B5895E1DA27},,,,,158453.259766,1776.944489
44,0,12,12c904a6-6317-4869-9d4e-7169b303b37d,0,11,1,56,BROADWAY,CROSS STREET,L122420,BSR1259,BROADWAY,CROSS STREET,L122420,BSR1259,MAPC,SOMERVILLE,4,0, ,{D3A96185-E8BA-4F21-8DC8-E405090C7343},,,,,116866.40242,1504.694986
45,0,17,e6d14cd1-61bd-4fdc-953b-1c6871680841,0,13,4,69,SOUTHERN ARTERY,SEA STREET,SR3A NB,BSR0527,SOUTHERN ARTERY,CODDINGTON STREET,SR3A NB,N111,MAPC,QUINCY,6,0, ,{F0C61F98-398F-4548-AE3B-224D50CFADD9},,,,,99618.96582,1239.422149
46,0,40,05306c6f-2a52-4579-aae0-9392964d3dd7,1,37,2,197,CENTRE STREET,BEACON STREET,N075,BSR0362,CENTRE STREET,BEACON STREET,N075,BSR0362,MAPC,NEWTON,6,0, ,{E68317DD-60AE-409A-BA5B-3E76276FDE33},,,,,149996.093216,1698.531994
47,0,63,7fd73642-9831-47cc-a1a8-c76f3a4d9bb8,1,52,10,280, ,HIGHLAND AVENUE,B1,BSR0311,HIGHLAND AVENUE,ELM STREET,BSR0311,N450,MAPC,"SOMERVILLE,CAMBRIDGE","4,6",8,8 -   & HIGHLAND AVENUE,{FF0E1FFA-F072-4BA2-A638-DFC489B12AE7},,,,,199977.93924,1990.265265
48,0,13,ebd9c03b-cecf-4a2b-9b8f-8347997d88a9,1,6,6,46,COMMERCIAL STREET,WASHINGTON STREET,SR53 NB,SR53 NB,COMMERCIAL STREET,WASHINGTON STREET,SR53 NB,SR53 NB,MAPC,"WEYMOUTH,BRAINTREE",6,0, ,{341D2267-7FF6-42E8-ABEC-AE6625921452},,,,,116407.908081,1500.437822
49,0,39,7fc42021-0d7b-4353-a152-5936b9db7a4c,0,30,9,159,MOODY STREET,CHESTNUT STREET,N077,L200573,MOODY STREET,HIGH STREET,N077,BSR0354,MAPC,WALTHAM,4,0, ,{A706F90E-F2A6-4FBF-8263-D2BDD69748AE},,,,,161363.06662,1901.08622
50,0,12,5847ffb9-9973-4d66-9d84-3b272148660c,1,8,3,53,BELMONT STREET,ASH STREET,SR123 EB,OCR096,BELMONT STREET,ASH STREET,SR123 EB,OCR096,OCPC,BROCKTON,5,0, ,{D615F109-F7F8-473E-818B-47E892320542},,,,,64676.164948,945.884953
51,0,14,2cb00f2d-6954-4b73-a827-22b5d9b84505,0,8,6,46,CHARLES STREET,EMBANKMENT ROAD,SR3 NB,SR28 NB,CHARLES STREET,EMBANKMENT ROAD,SR3 NB,SR28 NB,MAPC,BOSTON,6,0, ,{4F5EA68A-463E-46CE-B472-D0E576F91651},,,,,101908.231155,1286.297498
52,0,25,256dd4e2-d3d2-43a4-9d32-8563b63820aa,0,20,5,105,UNIVERSITY AVENUE,VETERANS OF FOREIGN WARS HIGHWAY,NMR071,L136405,UNIVERSITY AVENUE,VETERANS OF FOREIGN WARS HIGHWAY,NMR071,L136405,NMCOG,LOWELL,4,0, ,{446539B8-122D-4273-991A-7944B0F4B0CB},,,,,93818.057877,1272.631962
53,0,16,389256f4-9a9e-4de2-a8d1-86221198f995,0,12,4,64,DWIGHT STREET,MAPLE STREET,PVR121,N025,MAPLE STREET,HIGH STREET,N025,N026,PVPC,HOLYOKE,2,0, ,{0ABE16AF-B954-4FD4-BF7E-AA88EE1CE97B},,,,,108594.790886,1398.637148
54,0,9,b65d2f6f-0015-4dfc-9751-0315edc1f86d,1,6,2,42,SOUTH MAIN STREET,FERRY STREET,SR125 NB,L159064,SOUTH MAIN STREET,BRIDGE STREET,SR125 NB,SR125 NB,MVPC,HAVERHILL,4,0, ,{91B89C7F-53C8-4D43-A41E-0C0C13C7B4D0},,,,,88289.138611,1205.452341
55,0,13,5a65aace-1f0f-4386-9d7f-828c4a2005a0,0,10,3,53,CABOT STREET,BECKFORD STREET,SR1A NB,L145554,CABOT STREET,RANTOUL STREET,SR1A NB,SR1A NB,MAPC,BEVERLY,4,0, ,{487F05E7-1950-4E8B-A17C-CE05CAA1AF8D},,,,,101590.926865,1269.24459
56,0,12,cceb98bd-e509-4128-8ac8-4d24b77c7e47,0,9,3,48,MASSACHUSETTS AVENUE,MILL STREET,N086,BSR0272,MASSACHUSETTS AVENUE,MILL STREET,N086,BSR0272,MAPC,ARLINGTON,4,0, ,{C59F7B55-9813-4915-9899-1AB4A806D2DB},,,,,103359.541092,1356.557478
57,0,14,a7ceb2f1-23e2-4d2f-9ff4-d0e93901c241,0,10,4,54,WASHINGTON STREET,WESTERN AVENUE,SR129 EB,SR107 NB,WESTERN AVENUE,WASHINGTON STREET,SR107 NB,SR129 EB,MAPC,LYNN,4,0, ,{28072D4F-69E0-4120-A2CE-4F6D4D2A5970},,,,,67256.091202,978.648504
58,0,21,8006d457-f7d8-45f7-b8e6-2b05b14c8109,0,14,7,77,CAMBRIDGE STREET,CARDINAL MEDEIROS AVENUE,BSR0347,BSR0345,CAMBRIDGE STREET,CARDINAL MEDEIROS AVENUE,BSR0347,BSR0345,MAPC,CAMBRIDGE,6,0, ,{84018696-9F55-45A2-B49C-54EF9DF59CBA},,,,,98434.445068,1258.571747
59,0,14,6ff0a969-02e7-4e0a-b3a1-d0ae0a18d8ec,0,12,2,62,MAIN STREET,PLEASANT STREET,SR68 NB,MTR105,MAIN STREET,TIMPANY BOULEVARD,SR68 NB,SR68 SB,MRPC,GARDNER,3,0, ,{886A2490-10E9-4344-A91B-B8B9AF3E3146},,,,,135854.643555,1559.99094
60,0,22,0e2757c2-31bf-4a38-91e4-c496ead8cc38,0,16,6,86,BELLEVILLE AVENUE,PHILLIPS AVENUE,SMR052,L153804,BELLEVILLE AVENUE,COFFIN AVENUE,SMR052,SMR238,SRPEDD,NEW BEDFORD,5,0, ,{4609D996-874C-43D9-B05D-19196538332E},,,,,207961.292557,2191.265949
61,0,17,9a92d8e9-8c69-41b1-890f-d26602807ed5,1,11,5,70,BROADWAY,CLARK AVENUE,N350,BSR1188,BROADWAY,CARY AVENUE,N350,BSR0174,MAPC,CHELSEA,6,0, ,{A38F9D58-AFC4-43A2-95FD-080459B50394},,,,,128369.374619,1496.033012
62,0,17,86279754-894b-4549-8002-8d3a3deb8142,0,12,5,65,MAIN STREET,WINTHROP STREET,OCR045,L198302,MAIN STREET,WINTHROP STREET,OCR045,L198302,OCPC,BROCKTON,5,0, ,{097117DD-60B2-4686-92CE-F6A5ABF6C637},,,,,116783.881424,1399.138662
63,0,97,bbd83650-33f2-4c65-83aa-3934bef844b1,1,61,35,350,HANCOCK STREET,WASHINGTON STREET,N103,N110,HANCOCK STREET,WASHINGTON STREET,N103,N110,MAPC,QUINCY,6,6,6 - HANCOCK STREET & WASHINGTON STREET,{6A925706-DF83-4994-AD52-900CEEC7D1F2},,,,,363431.413849,3335.553874
64,0,15,9a88256d-03e6-4c37-91ec-eab31c80bf2b,1,11,3,68,MAIN STREET,EAGAN PLACE,N376,L174771,MAIN STREET,WASHINGTON STREET,N376,BSR0799,MAPC,PEABODY,4,0, ,{A408AF4C-979F-4AC7-93A3-292BA88BE496},,,,,83282.569672,1161.204769
65,0,14,979d8eda-ab85-4feb-b43b-17df3d4c7b17,0,11,3,58,BLUE HILL AVENUE,MORTON STREET,SR28 NB,SR203 EB,BLUE HILL AVENUE,MORTON STREET,SR28 NB,SR203 EB,MAPC,BOSTON,6,0, ,{D376C538-F3A2-40FF-AEC9-8D3D264D5ED2},,,,,90206.156204,1233.066055
66,0,20,4025e4ec-f6b0-4389-9fd6-c59887514af0,0,17,3,88,CENTRE STREET,COMMERCIAL STREET,SR60 EB,BSR0147,CENTRE STREET,COMMERCIAL STREET,SR60 EB,BSR0147,MAPC,MALDEN,4,0, ,{86099581-4441-45D0-8BCE-0482C71959C7},,,,,93921.478745,1238.98311
67,0,22,4b340087-fceb-4c10-b38b-2243ef9eb4d8,0,18,4,94,PLYMOUTH AVENUE,RODMAN STREET,SR81 NB,SMR148,PLYMOUTH AVENUE,RODMAN STREET,SR81 NB,SMR148,SRPEDD,FALL RIVER,5,0, ,{2C6AF634-4525-497B-86E9-B2EB41A68825},,,,,69176.036621,1007.859192
68,0,23,30f5e340-b50c-486c-9b26-79d99799cfac,0,18,5,95,ELM STREET,FRANKLIN STREET,US20 EB,US20 EB,ELM STREET,BROAD STREET,US20 EB,US20 EB,PVPC,WESTFIELD,2,0, ,{F850179D-97D7-401E-A765-EC4F6C1C1A61},,,,,161906.05352,1918.456358
69,0,252,49c9c455-2635-46d2-8cf7-b5022f03a71f,1,189,62,1017, ,BROADWAY,L000057,N350,TOBIN BRIDGE,NORTHEAST EXPRESSWAY,US1 NB,US1 NB,MAPC,CHELSEA,6,1,1 -   & BROADWAY,{6767379D-A3F6-4784-8F10-E07B7A3CA07B},,,,,979101.280106,7460.537745
70,0,25,5d5617ce-ae83-4515-80ba-5240822452a2,0,13,12,77,MERRIMACK STREET,MARKET STREET,NMR063,NMR062,MERRIMACK STREET,MARKET STREET,NMR063,NMR062,NMCOG,LOWELL,4,0, ,{4F13C2CE-BA6F-44EA-84C9-0A028F79EFA8},,,,,121912.21347,1339.070967
71,0,27,e096a8d3-4e39-4e3c-9078-5cc7984ae89f,0,20,7,107,LEWIS STREET,CHERRY STREET,SR1A NB,L120122,LEWIS STREET,CHESTNUT STREET,SR1A NB,N365,MAPC,LYNN,4,0, ,{FFF22963-AED0-4B7B-A572-B8D6070F6913},,,,,156049.1875,1916.598449
72,0,12,44861133-7f70-42b1-bb5e-c78ec86b70f0,0,9,3,48,CONGRESS STREET,PRINCE STREET,L138105,L182391,CONGRESS STREET,HARBOR STREET,L138105,BSR0812,MAPC,SALEM,4,0, ,{BD9E041F-D947-4D42-8065-EAA13F6E66E7},,,,,105444.852798,1262.496204
73,0,37,1be0638b-40be-430d-a5cc-9af85a0c3e47,0,25,12,137,MAIN STREET,TAUNTON GREEN,US44 EB,SR138 NB,MAIN STREET,TAUNTON GREEN,US44 EB,SR138 NB,SRPEDD,TAUNTON,5,0, ,{913E6A7A-8F20-4635-979D-77A0BD3D9761},,,,,201784.98172,2011.198904
74,0,113,f393f9aa-ed38-4228-b66a-71d4f84cda78,0,85,28,453,MAIN STREET,SOUTHBRIDGE STREET,N037,CMR063,MAIN STREET,CHANDLER STREET,N037,SR122 NB,CMRPC,WORCESTER,3,4,4 - MAIN STREET & SOUTHBRIDGE STREET,{B4F5ED2E-15F1-4443-A51A-7CB109A2284C},,,,,486728.859863,4639.524875
75,0,10,a22cce09-6909-4d3a-9655-cb8942f2d260,1,8,1,51,NORTH ELM STREET,UNION AVENUE,US202 NB,US202 NB,NORTH ELM STREET,UNION AVENUE,US202 NB,US202 NB,PVPC,WESTFIELD,2,0, ,{97295D1F-E8CC-4933-BD51-E769EE7240D2},,,,,84044.958221,1179.2222
76,0,12,61b08a60-27eb-457f-abbe-c08e676e1cc4,0,11,1,56,WASHINGTON STREET,PARK STREET,SR27 NB,SR27 NB,WASHINGTON STREET,PARK STREET,SR27 NB,SR27 NB,MAPC_OCPC,STOUGHTON,5,0, ,{B5437870-1BD8-48A8-87FB-45682F16353C},,,,,104293.147614,1286.058952
77,0,19,550487e2-2197-421e-bfee-72bb95189bcc,0,14,5,75,LAWRENCE STREET,CENTRAL STREET,NMR149,NMR147,LAWRENCE STREET,CENTRAL STREET,NMR149,NMR147,NMCOG,LOWELL,4,0, ,{B8EC854C-FDEE-47DB-AC8B-82F2C2B6BA92},,,,,166478.379501,1882.564741
78,0,28,10e41ddd-7d92-486f-af5e-fa0444cc1de9,2,18,8,118,COVE STREET,BROCK AVENUE,SMR031,SMR032,RODNEY FRENCH BOULEVARD,JOHN F KENNEDY HIGHWAY,N100,N100,SRPEDD,NEW BEDFORD,5,0, ,{1CB484F0-FFA5-427B-AB40-1E1E2A9C15F5},,,,,226980.704346,2399.001467
79,0,40,6ec4c61c-bc86-4b8f-bd7b-cb17c5ee1c69,0,28,12,152,WINTER STREET,EMERSON STREET,SR97 NB,SR110 EB,EMERSON STREET,WHITE STREET,SR110 EB,SR110 EB,MVPC,HAVERHILL,4,0, ,{9AE9D02B-7465-42A3-A8C3-B64B48A390D2},,,,,263789.414307,2653.512044
80,0,12,d3cfabd8-f8cf-4384-9162-431003756d90,0,9,3,48,MONTELLO STREET,COURT STREET,SR28 NB,SR27 NB,MONTELLO STREET,COURT STREET,SR28 NB,SR27 NB,OCPC,BROCKTON,5,0, ,{0352290D-8C42-43A0-B7FA-D2B25944651D},,,,,106471.186996,1407.805803
81,0,16,0ee242b5-d272-4174-9b85-8759ab59d1f5,0,10,6,56,CONGRESS STREET,JOHN F FITZGERALD EXPRESSWAY,L182899,I93 NB,JOHN F FITZGERALD EXPRESSWAY,RAMP-RTS 93 SB/3 SB TO CALLAHAN TUNL,I93 NB,R12193,MAPC,BOSTON,6,0, ,{E32BC3DE-1C1B-4C06-8E9A-D51A9137438F},,,,,121621.624817,1367.22814
82,0,13,c56054d8-e0f7-4269-a6a2-e2f4a6913c2e,0,10,3,53,SUMMER STREET,COMMERCIAL STREET,BSR0128,BSR0103,SUMMER STREET,COMMERCIAL STREET,BSR0128,BSR0103,MAPC,LYNN,4,0, ,{F1A71800-0FDA-41E7-A202-D749E6C73C28},,,,,153397.170242,1793.470002
83,0,12,0c702238-d1b1-4ba5-b170-af7b3dc2e807,0,10,2,52,MAIN STREET,CENTRAL STREET,SR28 NB,BSR0977,MAIN STREET,FRANKLIN STREET,SR28 NB,BSR0140,MAPC,STONEHAM,4,0, ,{9A66C105-7013-4C6B-B327-6B0D7340BB61},,,,,81566.006302,1116.056758
84,0,18,e23b0f0d-a9a9-46de-b13c-882ac6dea468,0,14,4,74,WALNUT STREET,MASSACHUSETTS TURNPIKE,BSR0379,I90 EB,MASSACHUSETTS TURNPIKE,WALNUT STREET,I90 EB,BSR0379,MAPC,NEWTON,6,0, ,{203AB32D-90A3-4CF0-A7CA-FA71845D246B},,,,,69267.233978,1008.263342
85,0,39,6e9791ff-af2b-45e3-9759-e71238017c01,1,29,9,164,NORTH STREET,WEST STREET,N001,SR9 EB,WEST STREET,CENTER STREET,SR9 EB,SR9 EB,BRPC,PITTSFIELD,1,0, ,{B3129FEF-5999-4983-899E-BB055444C74E},,,,,280315.864468,2729.065178
86,0,20,893e34f8-11df-4ca6-8ab5-ca0f30a2487c,0,18,2,92,BELMONT STREET,EASTERN AVENUE,SR9 EB,L114127,BELMONT STREET,EASTERN AVENUE,SR9 EB,L114127,CMRPC,WORCESTER,3,0, ,{80235E2B-2E6A-43C9-BE68-3FBCC5D2770E},,,,,131595.620392,1643.345856
87,0,11,7aa2bfb4-dbe4-45ab-8d90-db9eaa625953,1,8,2,52,HANCOCK STREET,COMMANDER JOHN SHEA BOULEVARD,SR3A NB,L111146,HANCOCK STREET,COMMANDER JOHN SHEA BOULEVARD,SR3A NB,L111146,MAPC,QUINCY,6,0, ,{D1955609-C3D8-414C-A31E-5EAD31873642},,,,,62754.416351,949.253612
88,0,11,db70d03a-9488-4711-be00-b47a72a0de8a,2,9,0,65,ASHLEY BOULEVARD,PRINCETON STREET,SR18 NB,L161034,ASHLEY BOULEVARD,PRINCETON STREET,SR18 NB,L161034,SRPEDD,NEW BEDFORD,5,0, ,{2AD26A7B-4611-43CA-B6CB-5D16634F0693},,,,,114369.860535,1322.262201
89,0,18,52cc98d3-2c51-4521-ae0a-219ade1066e8,0,14,4,74,WASHINGTON STREET, ,N444,B1,WASHINGTON STREET,BRIDGE STREET,N444,SR107 NB,MAPC,SALEM,4,0, ,{FC4BF735-9B2B-421D-AE5E-C62F71C39B59},,,,,103233.666,1379.4492
90,0,24,4751f820-68b8-44b4-9dd9-49db184e99c9,0,17,7,92,MAIN STREET,FEDERAL STREET,SR2A EB,US5 NB,MAIN STREET,FEDERAL STREET,SR2A EB,US5 NB,FRCOG,GREENFIELD,2,0, ,{CE8BD62D-32E5-4EAA-B505-D20D1BF7D128},,,,,138843.02919,1740.094502
91,0,25,58fbd1cd-fb36-4694-b726-59a26833f00c,1,14,10,90,PLEASANT STREET,MERRICK STREET,CMR065,L135902,PLEASANT STREET,WEST STREET,CMR065,CMR205,CMRPC,WORCESTER,3,0, ,{411D6AC4-86A8-4EE0-A93E-074BE6BF7890},,,,,146741.388977,1725.372074
92,0,16,2cf76150-a6a5-4eec-bb06-6f509c469737,0,15,1,76,PRESIDENT AVENUE,ROUTE 79,US6 EB,SR79 NB,ROUTE 79,PRESIDENT AVENUE,SR79 NB,US6 EB,SRPEDD,FALL RIVER,5,0, ,{E29992F8-87B9-4A8F-B414-3206EE0BEF48},,,,,96594.656189,1277.176333
93,0,22,b01f657c-74c2-4cd3-b672-6f6fff7191a1,0,18,4,94,BROADWAY,LOWELL STREET,SR28 NB,MVR169,BROADWAY,HAVERHILL STREET,SR28 NB,SR110 EB,MVPC,LAWRENCE,4,0, ,{193442C2-3A79-4F23-8823-7A6BF3D551EE},,,,,159172.781937,1901.588644
94,0,14,a0a735b0-7661-45eb-9a9c-2357686aa082,0,9,5,50,BEACON STREET,SAINT PAUL STREET,L186451,BSR0386,BEACON STREET,SAINT PAUL STREET,L186451,BSR0386,MAPC,BROOKLINE,6,0, ,{CA4DE3A6-6884-437B-9DF8-E64112B09B7F},,,,,113203.598007,1401.699863
95,0,25,3cbdcf00-ee54-445b-a769-18cc02501eeb,0,16,9,89,WEST SQUANTUM STREET,HANCOCK STREET,BSR0512,SR3A NB,HANCOCK STREET,WEST SQUANTUM STREET,SR3A NB,BSR0512,MAPC,QUINCY,6,0, ,{1AF286EA-E48C-4109-84DC-491A72549D40},,,,,125449.347549,1576.380915
96,0,18,5c3efaaa-9b4d-48b6-a273-ddc5302beb5c,0,15,3,78,BROADWAY,TEMPLE STREET,L122420,BSR1244,BROADWAY,MYSTIC AVENUE,L122420,SR38 NB,MAPC,SOMERVILLE,4,0, ,{C0429D5A-70BA-432E-A8CB-54F5A657624A},,,,,145467.048981,1787.689935
97,0,8,e5d72d42-92ee-4aec-9be6-f6a65bc2c251,0,7,1,36,EXCHANGE STREET,CABOT STREET,PVR327,SR116 SB,EXCHANGE STREET,CABOT STREET,PVR327,SR116 SB,PVPC,CHICOPEE,2,0, ,{BC0654A9-8789-4446-BC7A-EDEB6F2A8012},,,,,87462.122429,1132.869731
98,0,30,c178a844-396d-44ed-b59d-5400564cb0f3,0,24,6,126,MAIN STREET,HAMMOND STREET,N037,CMR202,MAIN STREET,HAMMOND STREET,N037,CMR202,CMRPC,WORCESTER,3,0, ,{848BAF79-4726-4E07-8F05-E984A927373A},,,,,116002.941513,1487.700731
99,0,12,333f976a-081d-4a99-a60c-abe095d8dfc2,0,8,4,44,MAIN STREET,PLAIN STREET,SR28 NB,SR28 NB,MAIN STREET,PLAIN STREET,SR28 NB,SR28 NB,OCPC,BROCKTON,5,0, ,{452EC6D3-4571-49A8-BBBD-5DF3D5A1F029},,,,,80886.107758,1101.359233
100,0,16,1a6ca7fb-e70e-41ca-9fe8-8f3343d70e35,3,8,5,75,ELM STREET,SIXTH STREET,SMR035,SMR034,ELM STREET,SIXTH STREET,SMR035,SMR034,SRPEDD,NEW BEDFORD,5,0, ,{BFC748ED-5F47-4B60-B157-E701445042F6},,,,,91769.07048,1186.077674
101,0,43,1e4ad92b-5901-429e-8651-a1abe344f8b0,0,23,20,135,BEACON STREET,HARVARD STREET,L186451,N129,BEACON STREET,HARVARD STREET,L186451,N129,MAPC,BROOKLINE,6,0, ,{C5932BBD-29DF-4DAE-B8AD-0A8419013699},,,,,209626.721832,2287.888025
102,0,18,fe9366bc-26ef-4526-9b4f-e8f8675e485f,0,13,5,70,RODMAN STREET,FOURTH STREET,SMR148,L161975,RODMAN STREET,HARTWELL STREET,SMR148,L212226,SRPEDD,FALL RIVER,5,0, ,{2A29D34C-DD7A-4D22-BC09-FD42C9986AD4},,,,,133826.122955,1437.154859
103,0,33,ad0c51d8-35c5-4e3c-a941-3b3dd626f1c5,0,23,10,125,MASSACHUSETTS AVENUE,ELM STREET,SR2A EB,N450,MASSACHUSETTS AVENUE,SOMERVILLE AVENUE,SR2A EB,N333,MAPC,"CAMBRIDGE,SOMERVILLE","6,4",0, ,{4BBC5287-612B-4736-8D34-4EE005593B95},,,,,187173.287369,2140.742119
104,0,11,9d36c2e9-294a-4a57-9c5c-9dbb6f18de6c,0,10,1,51,HIGHLAND AVENUE,CENTRAL STREET,BSR0311,BSR1255,HIGHLAND AVENUE,CENTRAL STREET,BSR0311,BSR1255,MAPC,SOMERVILLE,4,0, ,{C4051E9D-85BB-4EA7-9901-608FCAB575A2},,,,,35365.196899,668.160122
105,0,44,b9372acd-4037-4c2b-a025-47e97147a417,0,28,16,156,CAMBRIDGE STREET,PROSPECT STREET,BSR0347,N327,PROSPECT STREET,HAMPSHIRE STREET,N327,N324,MAPC,"CAMBRIDGE,SOMERVILLE","6,4",0, ,{759479B7-638C-4932-B04B-8AB6181E441C},,,,,235682.46109,2460.072997
106,0,27,7d2d1501-5753-4c87-9b6f-e2263b1d446d,0,21,6,111,MURRAY AVENUE,MAIN STREET,L158664,N037,MAIN STREET,MURRAY AVENUE,N037,L158664,CMRPC,WORCESTER,3,0, ,{DEAB0812-964A-4AD8-91FB-607BB13486B3},,,,,115764.864883,1294.958724
107,0,39,88d1cac2-7bf7-4700-9330-1fac6174fef6,0,29,10,155,PLEASANT STREET,QUEQUECHAN STREET,SMR142,SMR140,PLEASANT STREET,QUEQUECHAN STREET,SMR142,SMR140,SRPEDD,FALL RIVER,5,0, ,{A83777E5-DB03-42D1-8A7B-99C383C2FC55},,,,,264005.463974,2566.248137
108,0,12,718ed528-5244-4b12-ace0-b220f2df7764,0,12,0,60,EAST CENTRAL STREET,SOUTH MAIN STREET,SR135 EB,SR27 NB,EAST CENTRAL STREET,SOUTH MAIN STREET,SR135 EB,SR27 NB,MAPC,NATICK,3,0, ,{CC3B651F-D7D2-4865-AEC3-55B3AE46BABB},,,,,123627.940994,1471.80568
109,0,59,da592a9a-6e4c-4a37-a43b-6578c92b4ac1,1,40,16,226,MAIN STREET,WALL STREET,SR125 NB,L150999,MAIN STREET,MERRIMACK STREET,SR125 NB,SR113 EB,MVPC,HAVERHILL,4,0, ,{A296E0A8-92B5-453F-9289-F74140F6226B},,,,,307448.335892,3413.235948
110,0,20,5d826e6c-ec48-41e4-a92d-1956306fe177,0,15,5,80,MIDDLESEX STREET,APPLETON STREET,N459,SR110 EB,APPLETON STREET,MIDDLESEX STREET,SR110 EB,N459,NMCOG,LOWELL,4,0, ,{451DB77F-083A-43BB-AB10-44CAAB9414DF},,,,,107386.927628,1342.220203
111,0,10,9a53691b-b4da-4995-bffd-4274fef636a8,1,4,5,35,MAPLE STREET,HAMPDEN STREET,N025,L184459,MAPLE STREET,LYMAN STREET,N025,N028,PVPC,HOLYOKE,2,0, ,{1AF560CA-6CAA-4D7A-8912-5E361EFADBD7},,,,,88943.489868,1130.366645
112,0,54,08a0e102-e11a-4c40-a9df-952a49e6faef,0,39,15,210,MAIN STREET,RUSSELL STREET,US20 EB,L210017,MAIN STREET,WESTON STREET,US20 EB,US20 EB,MAPC,WALTHAM,4,0, ,{CFA9166E-DE64-444F-98BB-AEB052E7E258},,,,,216987.455124,2270.857659
113,0,127,14806fab-da6a-4f41-9130-07b3a1763485,0,80,47,447,UNION STREET,ESSEX STREET,BSR0107,BSR0102,CENTRAL AVENUE,CHESTNUT STREET,SR129 WB,N365,MAPC,LYNN,4,5,5 - UNION STREET & ESSEX STREET,{FB2F07D6-3813-42F6-97C2-E4F1E1CAC483},,,,,594785.827301,5246.735716
114,0,24,018294da-ab65-4699-8162-531ebd837e3e,1,17,6,101,MAIN STREET,MECHANIC STREET,SR9 EB,L168723,MAIN STREET,MAPLE STREET,SR9 EB,SR31 NB,CMRPC,SPENCER,3,0, ,{C90B5C58-E3EE-473C-91B7-AF70B41D4EDF},,,,,125164.966415,1561.73943
115,0,11,ace284d0-41fa-4b2b-94ac-77e9b4853832,0,10,1,51,CENTRAL STREET,MAIN STREET,N377,N376,CENTRAL STREET,MAIN STREET,N377,N376,MAPC,PEABODY,4,0, ,{24F8C951-C3CE-4179-993B-DCC924F0889D},,,,,112268.149124,1423.707879
116,0,16,560c870c-7ff5-4e47-9adb-44b64da73ae5,0,14,2,72,COUNTY STREET,ACUSHNET AVENUE,SMR028,L114175,COUNTY STREET,RIVET STREET,SMR028,SMR216,SRPEDD,NEW BEDFORD,5,0, ,{32DE2BB3-9400-435F-9498-EB4E5856C5FB},,,,,137541.080917,1616.684405
117,0,15,7052876a-a86d-48c6-9fc1-4fa89b7bbcdf,0,12,3,63,COMMERCIAL STREET,CENTRE STREET,SR27 NB,SR123 EB,CENTRE STREET,COMMERCIAL STREET,SR123 EB,SR27 NB,OCPC,BROCKTON,5,0, ,{A4FB2031-A1D8-4954-B3BF-51085E54F9F3},,,,,89047.654861,1202.780839
118,0,15,dc6ba5bf-cab7-4f9c-adcb-1299e04108b9,0,10,5,55,BROADWAY,HARVARD STREET,BSR0342,BSR1284,BROADWAY,COLUMBIA STREET,BSR0342,BSR0348,MAPC,CAMBRIDGE,6,0, ,{9994AEEC-5367-4020-891F-41494DA4442D},,,,,94444.699768,1161.182828
119,0,12,76d60597-d76c-42b9-ba2a-c27f12681443,0,10,2,52,MCGRATH HIGHWAY,BROADWAY,SR28 NB,L122420,MCGRATH HIGHWAY,FELLSWAY,SR28 NB,SR28 NB,MAPC,SOMERVILLE,4,0, ,{88D6FB0A-DA41-46CF-914E-C779BAB0F54E},,,,,71785.544296,1032.235682
120,0,145,f4a75066-3117-4f5a-ba36-47073f2f4208,4,73,68,473,MASSACHUSETTS AVENUE,GREEN STREET,SR2A EB,L163047,MASSACHUSETTS AVENUE,RIVER STREET,SR2A EB,N081,MAPC,CAMBRIDGE,6,3,3 - MASSACHUSETTS AVENUE & GREEN STREET,{853E14F9-0462-45A4-A1A7-1C9DE440D950},,,,,441515.688141,3816.44272
121,0,46,d8ba2891-d0de-4c8e-9d5c-984227e20207,2,34,10,200,BRIDGE STREET,VETERANS OF FOREIGN WARS HIGHWAY,SR38 NB,SR38 NB,BRIDGE STREET,VETERANS OF FOREIGN WARS HIGHWAY,SR38 NB,SR38 NB,NMCOG,LOWELL,4,0, ,{F9E719CD-291D-449C-839C-59C5D74B764A},,,,,150462.991531,1693.786687
122,0,3,3c64fb75-f2c8-4652-8d0a-2ebb0ced2579,0,3,0,15, ,MAIN STREET,B1,MSV001,MAIN STREET, ,MSV001,B1,MVC,EDGARTOWN,5,0, ,{8BA9D2B8-B711-4D98-8E05-D78C121EAF1F},,,,,59428.475494,922.430995
123,0,22,0391c5e4-36d5-4783-9143-7cdb5beff752,1,13,8,83,WINDSOR STREET,MASSACHUSETTS AVENUE,BSR1283,SR2A EB,MASSACHUSETTS AVENUE,MAIN STREET,SR2A EB,N323,MAPC,CAMBRIDGE,6,0, ,{9F7FD0F3-CB75-4015-9AB4-2BFF5F2FFCCA},,,,,148984.253876,1768.055093
124,0,12,c69d9401-b805-4c6c-b610-369e2876e793,0,11,1,56,MAIN STREET,MORSE AVENUE,US20 EB,L106506,MAIN STREET,BROAD STREET,US20 EB,US20 EB,PVPC,WESTFIELD,2,0, ,{252FD188-BF15-4CDD-AE3C-D94DB37B0B11},,,,,85672.385971,1161.118514
125,0,45,9018d597-c6b7-4e0b-b595-c359a3f18351,1,40,4,214, ,MAIN STREET,L000214,SR9 EB,MAIN STREET,ELM STREET,SR9 EB,SR9 EB,PVPC,NORTHAMPTON,2,0, ,{2004675F-A19D-4EB2-84C9-41D26CCBB34A},,,,,250565.51384,2501.383451
126,0,24,5d284f94-1a62-49af-8285-f6b459c2c20f,1,20,3,113,SOUTH MAIN STREET,TUTTLE STREET,SR138 NB,L176596,SOUTH MAIN STREET,DWELLY STREET,SR138 NB,SMR134,SRPEDD,FALL RIVER,5,0, ,{0E1BECA9-2B0F-47FF-8D09-4C4B44A81DDC},,,,,154382.09201,1816.514854
127,0,19,5c1aa82b-1f15-4b28-8793-e6bba033f368,0,15,4,79,SOUTH MAIN STREET,GLOBE STREET,SR138 NB,SMR136,SOUTH MAIN STREET,GLOBE STREET,SR138 NB,SMR136,SRPEDD,FALL RIVER,5,0, ,{AE73596E-3C60-4BA9-871A-C23D9539C2B6},,,,,92065.823578,1198.047072
128,0,23,3271f6dd-b0ab-48a6-8575-81adc800f563,1,14,8,88,CENTRAL STREET,WASHINGTON STREET,SR135 EB,SR16 EB,CENTRAL STREET,WASHINGTON STREET,SR135 EB,SR16 EB,MAPC,WELLESLEY,6,0, ,{A9785087-31A4-4EA0-8711-B97666C209B2},,,,,160385.007614,1986.222088
129,0,23,65ce790a-c7ce-4bb1-a917-3b61695c798d,0,17,6,91,MAIN STREET,WATER STREET,SR129 EB,SR129 EB,MAIN STREET,WATER STREET,SR129 EB,SR129 EB,MAPC,WAKEFIELD,4,0, ,{2A8097ED-2CFD-4A76-936D-C10EED7D47E0},,,,,152536.284973,1809.313807
130,0,35,5c0d6cca-a3e7-4cac-b235-e431aa9892c4,1,29,5,160,NORTH MAIN STREET,WEST ASHLAND STREET,OCR036,L184742,NORTH MAIN STREET,EAST ASHLAND STREET,OCR036,OCR002,OCPC,BROCKTON,5,0, ,{A5418790-D527-4682-AE7C-AA839502C6E3},,,,,237195.758713,2527.817743
131,0,2,b85cdd1a-e5e3-402b-bcab-aa25557de7ac,0,1,1,6,MAIN STREET,WASHINGTON STREET,L203852,NTR008,MAIN STREET,WASHINGTON STREET,L203852,NTR008,NPEDC,NANTUCKET,5,0, ,{231735C6-0F75-4298-B8A7-83DDA0590A4C},,,,,47325.85965,797.447701
132,0,14,59b12176-2df8-45d2-a926-79e5bfcdb308,0,11,3,58,BROADWAY,REVERE STREET,SR107 NB,BSR1002,BROADWAY,REVERE STREET,SR107 NB,BSR1002,MAPC,REVERE,4,0, ,{CF38212E-3C07-4E1A-B1F6-F35DAFF2C20E},,,,,131669.79216,1592.45856
133,0,12,064e961b-775b-416b-9d53-b4d1929ea775,1,6,5,45,COMMON STREET,ESSEX STREET,MVR080,MVR079,COMMON STREET,ESSEX STREET,MVR080,MVR079,MVPC,LAWRENCE,4,0, ,{57A8CEE2-C6C4-44D4-BBF1-69D73DE531C1},,,,,96059.424332,1227.950739
134,0,13,6e3abed5-5cbe-452d-bfc5-9412f08f1b20,0,9,4,49,BROADWAY,BOW STREET,SR99 NB,BSR0168,BROADWAY,ALFORD STREET,SR99 NB,SR99 NB,MAPC,"EVERETT,BOSTON","4,6",0, ,{2E2E93EE-FE13-4153-B39C-4AC28117CA47},,,,,78130.557678,1105.800546
135,0,11,300c51bf-f64c-4934-8294-82234085fc7a,0,9,2,47,SOUTH MAIN STREET,NORTH MAIN STREET,SR28 NB,SR28 NB,SOUTH MAIN STREET,NORTH MAIN STREET,SR28 NB,SR28 NB,MAPC,RANDOLPH,6,0, ,{B3DB7877-B572-49F2-9617-EB11BA347A05},,,,,114619.106247,1444.25703
136,0,7,bd8413b1-92a3-4dbc-bbc2-0e305ea78968,0,7,0,35,NORTH ELM STREET,ELM STREET,SR9 EB,SR9 EB,NORTH ELM STREET,ELM STREET,SR9 EB,SR9 EB,PVPC,NORTHAMPTON,2,0, ,{A17330FB-761D-4CB2-BD6F-5857C2D14BAE},,,,,70575.80127,1017.364564
137,0,12,d4a65332-bbf8-4b76-9b05-7ccffd8fa5e2,0,9,3,48,WASHINGTON STREET,MCGRATH HIGHWAY,N334,SR28 NB,MCGRATH HIGHWAY,WASHINGTON STREET,SR28 NB,N334,MAPC,SOMERVILLE,4,0, ,{8FD5E1EA-EC39-4864-812A-FA6816AA3C2D},,,,,100915.012924,1322.332111
138,0,18,46fe1e0b-66d8-46d1-81f4-3f9f5e7aea0b,0,16,2,82,SOMERVILLE AVENUE,UNION SQUARE,N333,N333,SOMERVILLE AVENUE,UNION SQUARE,N333,N333,MAPC,SOMERVILLE,4,0, ,{598AFF0E-AABC-46C8-BC52-4128E5B0EDFB},,,,,124772.57518,1448.303523
139,0,31,4edf31f6-0636-4453-92b3-ccab86f33f43,0,27,4,139,BROADWAY,CLARK AVENUE,N350,BSR1188,BROADWAY,EASTERN AVENUE,N350,BSR0169,MAPC,"CHELSEA,REVERE","6,4",0, ,{6BA17C7E-7889-4F82-AC9B-143165B17C4D},,,,,174619.28624,1837.215229
140,0,3,0934b169-2806-4541-a682-d281ebda5169,2,1,0,25,FALMOUTH ROAD, ,SR28 NB,L000020,FALMOUTH ROAD, ,SR28 NB,L000020,CCC,BARNSTABLE,5,0, ,{752450A6-B365-4522-A2F1-90991E70559C},,,,,41735.178253,733.897936
141,0,36,5da9a3fc-d681-4035-a262-40ed4f33b905,1,22,13,133,ANDOVER STREET,HIGH STREET,SR110 EB,NMR148,ANDOVER STREET,NESMITH STREET,SR110 EB,SR38 NB,NMCOG,LOWELL,4,0, ,{B157FB1E-7498-4809-903F-2549B0015352},,,,,169917.274887,1761.708905
142,0,12,3403151c-808c-452e-b0ef-48318d431c7d,0,10,2,52,WASHINGTON AVENUE,BLOOMINGDALE STREET,BSR0172,L181183,WASHINGTON AVENUE,CARY AVENUE,BSR0172,BSR0174,MAPC,CHELSEA,6,0, ,{A43FBBE2-BD86-44F4-8EA9-5B7BE5890867},,,,,83444.189667,1156.488101
143,0,22,7d1e3be5-fc15-4601-b7f6-d387086945ed,2,15,5,100,CAUSEWAY STREET,JOHN F FITZGERALD EXPRESSWAY,N419,I93 NB,JOHN F FITZGERALD EXPRESSWAY,RAMP-SUMNER TUNL/CROSS ST TO RT 93 NB,I93 NB,R12154,MAPC,BOSTON,6,0, ,{972191C3-5163-4E0B-88A6-AE012E98B26D},,,,,178615.281601,2052.458605
144,0,25,b7b5979d-39d3-425a-8637-2d6b3d2ba7fa,0,17,8,93,INTERSTATE 290,MADISON STREET,I290 EB,SR122 NB,INTERSTATE 290,MADISON STREET,I290 EB,SR122 NB,CMRPC,WORCESTER,3,0, ,{6485BC97-C51D-47D5-AA00-B0E7E5F156EC},,,,,123037.959457,1466.676933
145,0,47,9c846dea-d8a1-45ef-8cd8-8d19cf8b293f,0,41,6,211, ,MAIN STREET,L000314,US20 EB,MAIN STREET,MOUNT AUBURN STREET,US20 EB,SR16 EB,MAPC,WATERTOWN,6,0, ,{FDE7F1AE-8A42-4499-AC60-3089D08625A4},,,,,197921.749298,2297.274836
